sequence,qseqid,ori_type,pct_identity,pct_cov_subject,q_start,q_end,strand,qlen,sstart,send,slen,length,bitscore,evalue
seq_71,seq_71,ColE1,99.83,100.0,1179,1767,-,13804,589,1,589,589,1058,0.0
seq_71,seq_71,ColE1,99.826,97.62308998302207,6327,6901,-,13804,575,1,589,575,1033,0.0
seq_71,seq_71,ColE1,99.653,97.79286926994907,3776,4351,-,13804,576,1,589,576,1031,0.0
seq_71,seq_71,ColE1,99.491,100.0,10945,11533,-,13804,589,1,589,589,1049,0.0
