Model,PassRate,Diversity
Base,5.0,0.8597329824561404
SFT,11.0,0.8779329292929293
RL,62.0,0.6329929292929293
