Model,PassRate,Diversity
Base,6.0,0.9261999882532117
GRPO,97.0,0.3907123232323233
SFT,11.0,0.8854563636363636
SFT+GRPO,95.0,0.45271252525252526
